{"cameraMode":{"drawMode":0,"name":"Shaded","section":"Shading Mode"},"sceneLighting":false,"audioPlay":false,"sceneViewState":{"m_AlwaysRefresh":false,"showFog":true,"showSkybox":false,"showFlares":true,"showImageEffects":true,"showParticleSystems":true,"showVisualEffectGraphs":true,"m_FxEnabled":true},"in2DMode":false,"pivot":{"x":0.01611802726984024,"y":0.037252381443977359,"z":-0.09393204748630524},"rotation":{"x":0.1855020374059677,"y":0.5044344067573547,"z":-0.11195316165685654,"w":0.835827112197876},"size":0.40391719341278078,"orthographic":true}