{"cameraMode":{"drawMode":0,"name":"Shaded","section":"Shading Mode"},"sceneLighting":false,"audioPlay":false,"sceneViewState":{"m_AlwaysRefresh":false,"showFog":true,"showSkybox":false,"showFlares":true,"showImageEffects":true,"showParticleSystems":true,"showVisualEffectGraphs":true,"m_FxEnabled":true},"in2DMode":false,"pivot":{"x":0.04496460407972336,"y":0.05234143137931824,"z":-0.10978884994983673},"rotation":{"x":0.14812637865543366,"y":0.31445223093032839,"z":-0.04974551871418953,"w":0.9363294839859009},"size":0.3099869191646576,"orthographic":true}